timestamp,geometry,phase,method,n_angles,n_iter,d_h,d_l,filter,eps,p_norm,inhibition,learning_rate,resolution,runtime_s,memory_mb,final_loss,ver,pw,cv,ipdr,contrast,fitness,min_gel,max_gel,mean_gel,std_gel,p5_gel,min_void,max_void,mean_void,std_void,p95_void
2026-08-20 08:59:44,cube,phase1_random_jumps,FBP,90,20,0.91,0.42,hamming,0.15,2.0,0.2,0.005,75,0.235,431.3,0.0204,0.020398701900788133,-0.49104470014572144,0.06862365583801829,0.5582099556922913,2.1719328171734187,2.974057246754884,0.44179004430770874,1.0,0.6243709921836853,0.042846620082855225,0.6052391529083252,0.20151175558567047,0.9328347444534302,0.28747251629829407,0.08766444027423859,0.4550071954727173
2026-08-20 08:59:44,cube,phase1_random_jumps,FBP,90,15,0.94,0.45,None,0.19,2.0,0.17,0.02,75,0.087,432.1,0.15763,0.15762633286972647,-0.1371564269065857,0.12432481531164699,0.47334158420562744,1.610099409903758,2.933533037217881,0.5266584157943726,1.0,0.8433846831321716,0.10485364496707916,0.6605571508407593,0.4327157437801361,0.6638148427009583,0.5238090753555298,0.05851069837808609,0.631563127040863
2026-08-20 08:59:49,cube,phase1_random_jumps,BCLP,120,20,0.94,0.51,ram-lak,0.07,1.5,0.08,0.005,75,5.315,439.9,3555.59966,0.005563282336578581,-0.2709802985191345,0.11182078088109622,0.45300281047821045,1.8590593826810784,3.2590584664114384,0.5469971895217896,1.0,0.7174316644668579,0.08022376894950867,0.5958871245384216,0.31281596422195435,0.8179774880409241,0.38591110706329346,0.058813851326704025,0.4896644353866577
2026-08-20 08:59:49,cube,phase1_random_jumps,FBP,120,10,0.89,0.45,None,0.14,2.0,0.01,0.02,75,0.142,439.5,0.15114,0.15113583681038478,-0.1306719183921814,0.1241873075599637,0.4698714017868042,1.6104593800279954,2.9662910352385166,0.5301285982131958,1.0,0.8434168696403503,0.104741670191288,0.6612517237663269,0.43275904655456543,0.6608005166053772,0.5237119793891907,0.058339037001132965,0.6317344903945923
2026-08-20 08:59:51,cube,phase1_random_jumps,CAL,240,10,0.85,0.65,cosine,0.08,2.0,0.11,0.01,75,1.998,454.5,0.00093,0.0009272137227630969,-0.02644813060760498,0.024848426490559874,0.12832868099212646,1.6866284913403045,3.762787916796093,0.8716713190078735,1.0,0.9473918676376343,0.023541197180747986,0.910728394985199,0.43937113881111145,0.8981194496154785,0.5617074966430664,0.0841543972492218,0.7213292121887207
2026-08-20 08:59:54,cube,phase1_random_jumps,BCLP,120,10,0.85,0.55,None,0.14,1.5,0.16,0.01,75,2.743,450.5,3287.97281,0.15113583681038478,-0.13067132234573364,0.12418812824324679,0.4698733687400818,1.6104651877426766,2.9662943105054698,0.5301266312599182,1.0,0.8434159755706787,0.10474225133657455,0.661250114440918,0.43275684118270874,0.6607979536056519,0.5237095355987549,0.058338847011327744,0.6317316889762878
2026-08-20 08:59:54,cube,phase1_random_jumps,FBP,120,15,0.89,0.67,cosine,0.06,1.5,0.03,0.01,75,0.192,453.7,0.01113,0.011126564673157162,-0.3828933835029602,0.0685307134236224,0.5523408651351929,2.18529403703052,3.2249498440662454,0.44765913486480713,1.0,0.548869252204895,0.037614401429891586,0.529838502407074,0.17602992057800293,0.8305525183677673,0.2511649429798126,0.07692159712314606,0.398534893989563
2026-08-20 09:00:00,cube,phase1_random_jumps,OSMO,180,20,0.81,0.47,hamming,0.16,1.5,0.09,0.02,75,5.441,455.1,0.02967,0.0296708391284191,-0.2642331123352051,0.048922419004784855,0.3640066981315613,1.3789937805066654,3.023095729192881,0.6359933018684387,1.0,0.7961351275444031,0.03894885629415512,0.7210153341293335,0.5336524844169617,0.9002264142036438,0.577330470085144,0.044012703001499176,0.6643584370613098
2026-08-20 09:00:03,cube,phase1_random_jumps,OSMO,120,15,0.87,0.54,shepp-logan,0.09,1.5,0.19,0.02,75,2.977,456.5,0.36532,0.3653222067686602,-0.06221204996109009,0.016232258204465208,0.12442398071289062,1.003659720955976,2.265206882045362,0.8755760192871094,1.0,0.8789388537406921,0.014267162419855595,0.8755760192871094,0.8755760192871094,0.9377880692481995,0.8757339119911194,0.0031302073039114475,0.8755760192871094
2026-08-20 09:00:07,cube,phase1_random_jumps,OSMO,240,15,0.91,0.61,hamming,0.16,2.0,0.04,0.01,75,4.139,463.4,0.00185,0.0018544274455261937,-0.0725753903388977,0.023966114417268234,0.17209523916244507,1.4707297916508626,3.560684718393789,0.8279047608375549,1.0,0.9117550849914551,0.021851226687431335,0.8644936680793762,0.540631890296936,0.9004801511764526,0.6199337840080261,0.053440310060977936,0.7151582837104797
2026-08-20 09:00:10,cube,phase1_random_jumps,BCLP,90,10,0.91,0.52,ram-lak,0.14,3.0,0.09,0.005,75,2.868,464.8,25.92825,0.019935095039406582,-0.5948733687400818,0.10496621457460382,0.6838052272796631,2.2271632373943735,2.7590633815242,0.3161947727203369,1.0,0.45201751589775085,0.04744656756520271,0.42800530791282654,0.14264026284217834,0.9110681414604187,0.20295661687850952,0.06522607803344727,0.32340550422668457
2026-08-20 09:00:13,cube,phase1_random_jumps,OSMO,90,15,0.79,0.57,ram-lak,0.1,3.0,0.19,0.02,75,3.379,465.3,0.36532,0.3653222067686602,-0.08653837442398071,0.015323469465358706,0.08653837442398071,1.002439782329269,2.216853052545334,0.9134616255760193,1.0,0.9158004522323608,0.014033240266144276,0.9134616255760193,0.9134616255760193,1.0,0.9135715365409851,0.0030808430165052414,0.9134616255760193
2026-08-20 09:00:13,cube,phase1_random_jumps,FBP,120,15,0.93,0.49,shepp-logan,0.2,3.0,0.0,0.01,75,0.184,473.0,0.00556,0.005563282336578581,-0.3551841676235199,0.08011496960512808,0.5845238268375397,2.201280232641126,3.293466964458659,0.4154761731624603,1.0,0.4531746804714203,0.036306075751781464,0.43886566162109375,0.14404600858688354,0.7706603407859802,0.2058686912059784,0.06386184692382812,0.325287789106369
2026-08-20 09:00:17,cube,phase1_random_jumps,BCLP,180,10,0.92,0.56,shepp-logan,0.17,2.0,0.17,0.02,75,3.252,479.9,45.6374,0.004636068613815485,-0.48574507236480713,0.1543613140266192,0.7105447053909302,2.343779014299659,3.0321298425521497,0.2894552946090698,1.0,0.3166530132293701,0.048878975212574005,0.2951379418373108,0.10434645414352417,0.775200366973877,0.13510361313819885,0.046807754784822464,0.15526975691318512
2026-08-20 09:00:19,cube,phase1_random_jumps,CAL,240,10,0.95,0.56,hamming,0.13,3.0,0.01,0.01,75,2.151,486.8,0.0,0.0,0.03770887851715088,0.01395484673794347,0.0792660117149353,1.5751003046105618,3.8490130626016392,0.9207339882850647,1.0,0.9904559850692749,0.013821661472320557,0.9593676924705505,0.4940933287143707,0.8830251097679138,0.6288208961486816,0.08946148306131363,0.803248941898346
2026-08-20 09:00:22,cube,phase2_genetic_gen1,CAL,240,15,0.96,0.54,hamming,0.13,3.0,0.0,0.01,75,2.992,490.0,0.0,0.0,0.07835030555725098,0.009334035001042889,0.05354583263397217,1.5336623670895588,3.9141977596582382,0.9464541673660278,1.0,0.9901824593544006,0.009242397733032703,0.9604361057281494,0.5076960921287537,0.8681038618087769,0.6456326246261597,0.09081210196018219,0.8250234723091125
2026-08-20 09:00:25,cube,phase2_genetic_gen1,CAL,240,15,0.84,0.64,cosine,0.07,2.0,0.12,0.01,75,3.286,493.2,0.00093,0.0009272137227630969,-0.015744328498840332,0.029326079981651005,0.12487393617630005,1.6952159762244392,3.784011609964599,0.8751260638237,1.0,0.9506081342697144,0.02787761017680168,0.9041075706481934,0.43849268555641174,0.8908703923225403,0.5607593059539795,0.08399221301078796,0.7202951312065125
2026-08-20 09:00:30,cube,phase2_genetic_gen1,OSMO,240,15,0.89,0.54,shepp-logan,0.18,3.0,0.0,0.01,75,4.51,489.1,0.00093,0.0009272137227630969,-0.031682729721069336,0.024228346624535567,0.17640924453735352,1.710340818630339,3.764794962080206,0.8235907554626465,1.0,0.9066799879074097,0.021967357024550438,0.8370373249053955,0.4245520532131195,0.8552734851837158,0.5301165580749512,0.06859032809734344,0.6564788818359375
2026-08-20 09:00:30,cube,phase2_genetic_gen1,FBP,120,15,0.86,0.6,shepp-logan,0.15,3.0,0.04,0.01,75,0.184,492.3,0.00556,0.005563282336578581,-0.3551841676235199,0.08011496960512808,0.5845238268375397,2.201280232641126,3.293466964458659,0.4154761731624603,1.0,0.4531746804714203,0.036306075751781464,0.43886566162109375,0.14404600858688354,0.7706603407859802,0.2058686912059784,0.06386184692382812,0.325287789106369
2026-08-20 09:00:33,cube,phase2_genetic_gen2,CAL,240,15,0.94,0.56,shepp-logan,0.15,3.0,0.0,0.01,75,3.415,503.0,0.0,0.0,0.07546544075012207,0.011224457030226067,0.05363732576370239,1.5428810157164319,3.911146932328234,0.9463626742362976,1.0,0.9889131188392639,0.011100012809038162,0.9567060470581055,0.5069758892059326,0.8708972334861755,0.6409522891044617,0.0867142304778099,0.8102682828903198
2026-08-20 09:00:37,cube,phase2_genetic_gen2,CAL,240,15,0.91,0.58,cosine,0.12,3.0,0.08,0.01,75,3.134,506.1,0.0,0.0,0.030936479568481445,0.01613901977657926,0.07134473323822021,1.613125348565225,3.852296613642996,0.9286552667617798,1.0,0.9806268215179443,0.015826355665922165,0.9414583444595337,0.4769660532474518,0.8977187871932983,0.6079049110412598,0.08789342641830444,0.7798632979393005
2026-08-20 09:00:40,cube,phase2_genetic_gen2,OSMO,240,15,0.91,0.51,shepp-logan,0.16,3.0,0.0,0.01,75,3.897,502.1,0.00093,0.0009272137227630969,-0.07091152667999268,0.03047963140293473,0.1990531086921692,1.7509606305825949,3.7003959893600884,0.8009468913078308,1.0,0.9095828533172607,0.027723750099539757,0.8425002098083496,0.41568538546562195,0.8718584179878235,0.5194764733314514,0.0703241154551506,0.6493512392044067
2026-08-20 09:00:41,cube,phase2_genetic_gen2,FBP,120,15,0.89,0.6,hamming,0.12,3.0,0.01,0.01,75,0.177,505.3,0.01484,0.01483541956420955,-0.39677977561950684,0.06618948434263244,0.5414490103721619,2.176795149994801,3.184142280723126,0.45855098962783813,1.0,0.5983127355575562,0.03960201144218445,0.5806093811988831,0.19333192706108093,0.855330765247345,0.2748594582080841,0.08333408832550049,0.4395788908004761
2026-08-20 09:00:45,cube,phase3_greedy_step,CAL,240,20,0.98,0.54,hamming,0.13,3.0,0.0,0.01,75,3.907,515.8,0.0,0.0,0.04313230514526367,0.01637773880670759,0.12301594018936157,1.4959008462098695,3.817837294588754,0.8769840598106384,1.0,0.9910297989845276,0.016230827197432518,0.9328310489654541,0.5267226696014404,0.8338517546653748,0.6624969840049744,0.08651044219732285,0.8298520445823669
2026-08-20 09:00:49,cube,phase3_greedy_step,CAL,240,20,0.92,0.54,hamming,0.13,3.0,0.0,0.01,75,4.243,519.0,0.0,0.0,0.046669602394104004,0.01181928019596839,0.05957496166229248,1.596606740326692,3.8798232947555857,0.9404250383377075,1.0,0.9814696907997131,0.01160026527941227,0.9483060836791992,0.48030078411102295,0.8937554359436035,0.6147222518920898,0.09089937061071396,0.7940250635147095
2026-08-20 09:00:53,cube,phase3_greedy_step,CAL,240,20,0.92,0.58,hamming,0.13,3.0,0.0,0.01,75,4.301,522.2,0.0,0.0,0.046669602394104004,0.01181928019596839,0.05957496166229248,1.596606740326692,3.8798232947555857,0.9404250383377075,1.0,0.9814696907997131,0.01160026527941227,0.9483060836791992,0.48030078411102295,0.8937554359436035,0.6147222518920898,0.09089937061071396,0.7940250635147095
2026-08-20 09:00:57,cube,phase3_greedy_step,CAL,240,20,0.92,0.5,hamming,0.13,3.0,0.0,0.01,75,4.063,525.4,0.0,0.0,0.046669602394104004,0.01181928019596839,0.05957496166229248,1.596606740326692,3.8798232947555857,0.9404250383377075,1.0,0.9814696907997131,0.01160026527941227,0.9483060836791992,0.48030078411102295,0.8937554359436035,0.6147222518920898,0.09089937061071396,0.7940250635147095
2026-08-20 09:01:02,cube,phase3_greedy_step,CAL,300,20,0.92,0.54,hamming,0.13,3.0,0.0,0.01,75,4.681,532.4,0.0,0.0,0.050827741622924805,0.011829217562346936,0.06052851676940918,1.5940809601689088,3.886866745767957,0.9394714832305908,1.0,0.9803151488304138,0.011596361175179482,0.9457418322563171,0.48077067732810974,0.888643741607666,0.6149719953536987,0.09114662557840347,0.7959920763969421
2026-08-20 09:01:07,cube,phase3_greedy_step,CAL,300,20,0.92,0.54,ram-lak,0.13,3.0,0.0,0.01,75,4.931,535.6,0.0,0.0,0.06530576944351196,0.013408868553726609,0.05743128061294556,1.5670915070237263,3.9007484238451604,0.9425687193870544,1.0,0.9842382073402405,0.0131975207477808,0.9505948424339294,0.4976344108581543,0.8772629499435425,0.6280668377876282,0.08525353670120239,0.7958660125732422
2026-08-20 09:01:12,cube,phase3_greedy_step,CAL,300,20,0.92,0.54,ram-lak,0.1,3.0,0.0,0.01,75,4.972,538.8,0.0,0.0,0.06530576944351196,0.013408868553726609,0.05743128061294556,1.5670915070237263,3.9007484238451604,0.9425687193870544,1.0,0.9842382073402405,0.0131975207477808,0.9505948424339294,0.4976344108581543,0.8772629499435425,0.6280668377876282,0.08525353670120239,0.7958660125732422
2026-08-20 09:01:15,cube,phase4_sweep_dh_dl,OSMO,180,12,0.75,0.45,ram-lak,0.1,2.0,0.0,0.01,75,2.925,529.3,0.00185,0.0018544274455261937,-0.04976922273635864,0.10861125055914446,0.33698397874832153,1.8528330291544166,3.7127035362087684,0.6630160212516785,1.0,0.8325438499450684,0.09042362868785858,0.7042855620384216,0.3593791723251343,0.7127852439880371,0.44933560490608215,0.06074389070272446,0.5612658858299255
2026-08-20 09:01:18,cube,phase4_sweep_dh_dl,OSMO,180,12,0.75,0.5,ram-lak,0.1,2.0,0.0,0.01,75,3.06,532.5,0.0,0.0,0.010955989360809326,0.10706113097379366,0.31963640451431274,1.7593276101461466,3.7945146528208986,0.6803635954856873,1.0,0.8486696481704712,0.09085953235626221,0.6986988186836243,0.39453160762786865,0.6694076061248779,0.48238295316696167,0.05614442005753517,0.5868136882781982
2026-08-20 09:01:21,cube,phase4_sweep_dh_dl,OSMO,180,12,0.75,0.55,ram-lak,0.1,2.0,0.0,0.01,75,2.979,535.7,0.0,0.0,0.022262990474700928,0.09734981664440166,0.2830798029899597,1.7188861346140212,3.806619231612011,0.7169201970100403,1.0,0.8540254235267639,0.08313921838998795,0.7313122749328613,0.40605661273002625,0.6946572065353394,0.4968481659889221,0.05642932653427124,0.6022925972938538
2026-08-20 09:01:24,cube,phase4_sweep_dh_dl,OSMO,180,12,0.75,0.6,ram-lak,0.1,2.0,0.0,0.01,75,2.759,538.9,0.0,0.0,0.06272584199905396,0.05367772350652379,0.2557464838027954,1.739206965666125,3.9413774433246465,0.7442535161972046,1.0,0.8803389072418213,0.04725458845496178,0.7827730774879456,0.4046906530857086,0.6815276741981506,0.5061725974082947,0.05841439962387085,0.6031303405761719
2026-08-20 09:01:27,cube,phase4_sweep_dh_dl,OSMO,180,12,0.75,0.65,ram-lak,0.1,2.0,0.0,0.01,75,3.105,542.1,0.0,0.0,0.029428839683532715,0.058514469424970704,0.2634417414665222,1.6407472628726045,3.820716841378397,0.7365582585334778,1.0,0.8771231770515442,0.05132439732551575,0.8059923052787781,0.42513635754585266,0.7071294188499451,0.5345876216888428,0.06507387012243271,0.6512681841850281
2026-08-20 09:01:30,cube,phase4_sweep_dh_dl,OSMO,180,12,0.8,0.45,ram-lak,0.1,2.0,0.0,0.01,75,2.994,545.3,0.00093,0.0009272137227630969,-0.09056442975997925,0.029438647534289757,0.26204991340637207,1.7960331058253234,3.684667404690124,0.7379500865936279,1.0,0.8280350565910339,0.02437623217701912,0.7644729614257812,0.36273911595344543,0.8285145163536072,0.46103551983833313,0.06368742883205414,0.5698624849319458
2026-08-20 09:01:33,cube,phase4_sweep_dh_dl,OSMO,180,12,0.8,0.5,ram-lak,0.1,2.0,0.0,0.01,75,3.069,548.6,0.00093,0.0009272137227630969,-0.07753050327301025,0.04431189807975947,0.26307016611099243,1.798025250448276,3.696858079430069,0.7369298338890076,1.0,0.8399229049682617,0.03721857815980911,0.7661422491073608,0.3692983388900757,0.8144603371620178,0.46713632345199585,0.06274348497390747,0.5770993828773499
2026-08-20 09:01:36,cube,phase4_sweep_dh_dl,OSMO,180,12,0.8,0.55,ram-lak,0.1,2.0,0.0,0.01,75,3.013,551.8,0.0,0.0,0.0026807188987731934,0.026286431108616278,0.23137515783309937,1.726047130691547,3.8420985720347036,0.7686248421669006,1.0,0.8278052806854248,0.02176004648208618,0.7866814732551575,0.3767434060573578,0.7659441232681274,0.47959598898887634,0.06309415400028229,0.5904628038406372
2026-08-20 09:01:39,cube,phase4_sweep_dh_dl,OSMO,180,12,0.8,0.6,ram-lak,0.1,2.0,0.0,0.01,75,2.98,555.0,0.0,0.0,0.014248311519622803,0.06512009836791646,0.21744167804718018,1.7621126561563478,3.8444328527495033,0.7825583219528198,1.0,0.9240036606788635,0.060171209275722504,0.794124186038971,0.42254838347435,0.768310010433197,0.5243726372718811,0.06159262731671333,0.6332129240036011
2026-08-20 09:01:42,cube,phase4_sweep_dh_dl,OSMO,180,12,0.8,0.65,ram-lak,0.1,2.0,0.0,0.01,75,2.933,558.2,0.0,0.0,0.03369873762130737,0.06298879014491837,0.2231883406639099,1.6877128901151848,3.848265130155289,0.7768116593360901,1.0,0.9349462985992432,0.058891136199235916,0.7965391278266907,0.4507267475128174,0.7431129217147827,0.5539723634719849,0.0626741275191307,0.6683632731437683
2026-08-20 09:01:45,cube,phase4_sweep_dh_dl,OSMO,180,12,0.85,0.45,ram-lak,0.1,2.0,0.0,0.01,75,3.031,561.4,0.00185,0.0018544274455261937,-0.10895204544067383,0.0345348225027485,0.25492793321609497,1.810301142614578,3.6471483755866143,0.745072066783905,1.0,0.8623532056808472,0.029781214892864227,0.7921289205551147,0.3777759075164795,0.8540241122245789,0.47635897994041443,0.06774397194385529,0.5972835421562195
